_runtime,_timestamp,val/moe_loss,train/moe_loss,_step,mAP50-95,val/box_loss,train/box_loss,mAP50,val/cls_loss,train/cls_loss,epoch
22.282131612,1784741769.41867,0,2.97685,1,0.0,3.80761,3.89378,0.0,6.31865,6.56879,1
31.372777551,1784741779.762288,0,1.98676,2,0.0,3.88654,3.24991,0.0,6.16708,5.08825,2
40.882994134,1784741788.8529723,0,1.58791,3,0.0,4.00155,2.67832,0.0,5.58181,3.91674,3
50.404826783,1784741798.3631616,0,1.38018,4,0.0,3.65592,2.32746,0.0,4.98308,3.12354,4
59.93157394,1784741807.88504,0,1.25845,5,0.02854,2.36893,1.9913,0.07605,4.00307,2.4615,5
69.472641488,1784741817.411762,0,1.18136,6,0.08292,1.99136,1.79619,0.16523,3.23409,2.06458,6
79.013094658,1784741826.9528534,0,1.13071,7,0.18978,1.73787,1.65549,0.36978,2.15426,1.85065,7
88.563947877,1784741836.4932923,0,1.09612,8,0.19793,1.58781,1.58262,0.35069,2.24112,1.74235,8
98.14526905,1784741846.0441833,0,1.07036,9,0.21248,1.52092,1.50658,0.37236,1.87827,1.6808,9
107.709259288,1784741855.6254334,0,1.0524,10,0.25743,1.41322,1.48107,0.42016,1.89317,1.6282,10
117.186347974,1784741865.189464,0,1.03861,11,0.30444,1.32703,1.42007,0.4909,1.54493,1.5619,11
126.678908191,1784741874.6665306,0,1.02877,12,0.26382,1.39111,1.41542,0.43912,1.91287,1.51335,12
136.193488015,1784741884.1590014,0,1.02141,13,0.29534,1.29304,1.34126,0.47903,1.53294,1.50851,13
145.656365366,1784741893.6735528,0,1.01635,14,0.29043,1.33641,1.32465,0.46193,1.52501,1.45577,14
155.158184631,1784741903.1365128,0,1.01185,15,0.28922,1.30331,1.34829,0.45386,1.52727,1.42041,15
164.716296089,1784741912.6382308,0,1.00878,16,0.27992,1.41275,1.26119,0.44239,2.04548,1.37498,16
174.279969449,1784741922.1963854,0,1.00664,17,0.28046,1.31985,1.27414,0.44315,1.60168,1.38298,17
183.772598321,1784741931.7600753,0,1.00522,18,0.32644,1.14636,1.25379,0.48458,1.42411,1.37507,18
193.268404385,1784741941.2528095,0,1.00366,19,0.29677,1.16511,1.24474,0.44347,1.43898,1.35111,19
202.807923635,1784741950.7486258,0,1.0027,20,0.32591,1.21628,1.20115,0.49679,1.36579,1.32185,20
212.285625464,1784741960.2881236,0,1.00198,21,0.33937,1.20712,1.24431,0.49495,1.46907,1.30966,21
221.82461724,1784741969.7658122,0,1.00184,22,0.32897,1.21418,1.2334,0.49055,1.37991,1.30004,22
231.334868388,1784741979.3048062,0,1.00109,23,0.32107,1.18905,1.22187,0.49674,1.34018,1.27894,23
240.806525724,1784741988.8150358,0,1.00081,24,0.33571,1.15428,1.17772,0.50258,1.43049,1.25285,24
250.300511935,1784741998.2867634,0,1.00066,25,0.30642,1.24197,1.19381,0.47187,1.31858,1.27026,25
259.837770717,1784742007.7807965,0,1.00054,26,0.33521,1.20836,1.20159,0.50649,1.43482,1.26137,26
269.319704219,1784742017.3179433,0,1.00065,27,0.35243,1.13536,1.17433,0.49862,1.37388,1.24132,27
278.844854377,1784742026.799906,0,1.00029,28,0.34651,1.12605,1.17324,0.51451,1.34845,1.23771,28
288.324684707,1784742036.3250532,0,1.00023,29,0.31034,1.15806,1.16984,0.46511,1.34945,1.24632,29
297.808525929,1784742045.8048534,0,1.00005,30,0.35163,1.1543,1.20711,0.51503,1.25442,1.2474,30
307.316646205,1784742055.2887292,0,0.99987,31,0.32738,1.188,1.16393,0.49157,1.24711,1.23702,31
316.812547976,1784742064.796893,0,0.9999,32,0.37109,1.11678,1.12201,0.52074,1.30736,1.23126,32
326.295527895,1784742074.2926686,0,0.99995,33,0.30078,1.23491,1.12989,0.47346,1.37884,1.21417,33
335.770652019,1784742083.7756464,0,1.00006,34,0.33889,1.07271,1.11227,0.4844,1.2646,1.17653,34
345.241866395,1784742093.250785,0,1.00007,35,0.31523,1.17562,1.10149,0.47839,1.29998,1.18809,35
354.702048485,1784742102.722163,0,1.00023,36,0.35899,1.15859,1.07893,0.53163,1.24561,1.17877,36
364.231671448,1784742112.1822853,0,1.00007,37,0.3585,1.13556,1.13138,0.52442,1.25176,1.18257,37
373.731792247,1784742121.7118828,0,1.0001,38,0.38093,1.05558,1.09226,0.55154,1.2842,1.14925,38
383.243744121,1784742131.21198,0,0.99993,39,0.36216,1.10009,1.10725,0.52217,1.31743,1.15864,39
392.736528209,1784742140.7239318,0,0.99997,40,0.34796,1.10652,1.11853,0.51825,1.27735,1.16155,40
402.248145005,1784742150.2167234,0,1.00014,41,0.33308,1.12204,1.08866,0.5007,1.29616,1.15244,41
411.75914,1784742159.728383,0,0.99983,42,0.37414,1.0696,1.05962,0.53562,1.24783,1.15734,42
421.262449745,1784742169.239411,0,0.99983,43,0.3235,1.11511,1.0784,0.48178,1.26415,1.1289,43
430.759901781,1784742178.7426717,0,1.00007,44,0.31993,1.14069,1.03969,0.46426,1.30047,1.12637,44
440.275540717,1784742188.2402046,0,1.0001,45,0.36438,1.04534,1.0772,0.51735,1.3182,1.13665,45
449.81113414,1784742197.7557735,0,0.99994,46,0.31945,1.10318,1.09098,0.47911,1.31106,1.12724,46
459.303941081,1784742207.291176,0,1.00007,47,0.35474,1.06508,1.03693,0.50537,1.22231,1.11505,47
468.793182817,1784742216.7841866,0,1.0,48,0.3106,1.09087,1.02847,0.45589,1.29757,1.10274,48
478.312448234,1784742226.2733626,0,1.00005,49,0.32725,1.10069,1.05388,0.46704,1.42482,1.10588,49
487.835260215,1784742235.7924762,0,0.99999,50,0.29899,1.07969,1.05003,0.44005,1.27246,1.10608,50
497.326846481,1784742245.3154156,0,0.99983,51,0.32586,1.09637,1.06612,0.48346,1.25454,1.11501,51
506.828891681,1784742254.8071005,0,0.99997,52,0.32569,1.06077,1.05968,0.47602,1.33626,1.10454,52
516.306352308,1784742264.3091419,0,1.00007,53,0.32115,1.1283,1.00652,0.49094,1.35072,1.09599,53
525.773417416,1784742273.7866397,0,1.00008,54,0.31549,1.12154,1.03788,0.46964,1.29885,1.09011,54
535.272387545,1784742283.253609,0,0.99991,55,0.33649,1.05644,1.02254,0.4797,1.38704,1.09093,55
544.760254197,1784742292.7525887,0,1.0,56,0.34513,1.02396,1.01767,0.4947,1.20446,1.07074,56
554.23481743,1784742302.2404342,0,0.99994,57,0.31294,1.17064,1.02239,0.48032,1.25359,1.087,57
563.723865293,1784742311.7150111,0,1.0002,58,0.34191,1.04439,1.04467,0.49701,1.23168,1.06415,58
573.251791825,1784742321.2041132,0,0.99998,59,0.31929,1.07988,1.0467,0.46268,1.32623,1.05288,59
582.728788925,1784742330.731999,0,1.00002,60,0.33341,1.06469,1.02352,0.4855,1.26259,1.05233,60
592.216802716,1784742340.2090037,0,0.99989,61,0.30625,1.04636,0.99428,0.45035,1.28356,1.04561,61
601.691523074,1784742349.6971087,0,0.99995,62,0.28131,1.13981,1.01813,0.43114,1.32815,1.06946,62
611.221567174,1784742359.171744,0,0.99991,63,0.3241,1.02563,0.99557,0.46777,1.35432,1.03379,63
620.70650361,1784742368.701494,0,1.0001,64,0.32375,1.07291,0.97611,0.4762,1.31065,1.03921,64
630.168627805,1784742378.186553,0,0.99997,65,0.34672,1.08105,0.98464,0.50619,1.24241,1.06541,65
639.655820605,1784742387.6488914,0,1.00014,66,0.30304,1.07783,0.99133,0.45661,1.38335,1.02352,66
649.096916954,1784742397.1359582,0,1.00002,67,0.29264,1.07099,1.00261,0.4368,1.58994,1.01844,67
658.595252177,1784742406.57701,0,1.00001,68,0.33933,1.06539,0.9865,0.48999,1.44297,1.02459,68
668.079052723,1784742416.0755079,0,0.99985,69,0.31245,1.08898,0.99527,0.46035,1.4445,0.9898,69
677.535944099,1784742425.5592587,0,0.99995,70,0.3055,1.08475,0.98837,0.45001,1.36576,0.98212,70
687.024458802,1784742435.0161743,0,1.00006,71,0.29455,1.13,0.95223,0.44812,1.44366,0.96119,71
696.513116596,1784742444.504698,0,0.99997,72,0.32797,1.09286,1.00019,0.47976,1.26721,0.98817,72
706.006233785,1784742453.993375,0,0.9999,73,0.31263,1.06046,0.96262,0.44947,1.49805,0.98147,73
715.476600102,1784742463.48643,0,1.00001,74,0.32389,1.17598,0.98833,0.49865,1.27331,0.99504,74
724.965619919,1784742472.9568157,0,0.99995,75,0.34347,1.00536,0.98765,0.47511,1.45785,0.97664,75
734.432496756,1784742482.4457788,0,0.99999,76,0.36834,1.00362,0.96634,0.51544,1.21643,0.96618,76
743.892290042,1784742491.9126964,0,1.00001,77,0.35542,1.04688,0.94904,0.51502,1.26904,0.93555,77
753.460701725,1784742501.3725367,0,0.99999,78,0.32812,1.03701,0.95513,0.47517,1.33909,0.91232,78
763.004785373,1784742510.940773,0,1.00008,79,0.31603,1.05404,0.94676,0.45788,1.27265,0.95458,79
772.49228344,1784742520.4848425,0,0.99997,80,0.33739,1.08118,0.93747,0.49527,1.54544,0.92938,80
781.973962523,1784742529.9723477,0,1.0,81,0.28642,1.06582,0.96326,0.4141,1.39257,0.95486,81
791.442961189,1784742539.4541142,0,0.99997,82,0.34663,1.05218,0.96479,0.50295,1.38636,0.91664,82
800.89614264,1784742548.923116,0,1.00007,83,0.29805,1.05746,0.96473,0.43338,1.44763,0.93378,83
810.36231945,1784742558.3764129,0,0.99993,84,0.2904,1.03748,0.92802,0.41992,1.44913,0.9028,84
819.849641819,1784742567.8426178,0,1.0,85,0.29366,1.07947,0.93903,0.43098,1.56925,0.90157,85
829.340122152,1784742577.329837,0,1.00005,86,0.30188,1.12279,0.94032,0.44381,1.53867,0.89179,86
838.821159909,1784742586.8203475,0,1.00017,87,0.34072,1.08752,0.92762,0.50134,1.38397,0.88924,87
848.287609292,1784742596.3014474,0,1.00011,88,0.30959,1.05524,0.93772,0.44896,1.56463,0.88727,88
857.770625235,1784742605.767822,0,0.99991,89,0.28913,1.04181,0.89938,0.41761,1.53038,0.88473,89
867.26400456,1784742615.2507417,0,1.00013,90,0.29725,1.05835,0.9315,0.43928,1.50129,0.88753,90
876.744170781,1784742624.7442033,0,0.99996,91,0.31829,1.06809,0.91035,0.45719,1.3583,0.85145,91
886.234346009,1784742634.224402,0,0.99983,92,0.31915,1.01331,0.91823,0.45791,1.48221,0.8537,92
895.741725375,1784742643.7145643,0,1.0,93,0.29861,1.10199,0.90706,0.44571,1.44183,0.83613,93
905.267380507,1784742653.221953,0,0.99999,94,0.31883,1.03305,0.9161,0.45593,1.55979,0.82632,94
914.750237812,1784742662.747418,0,0.99996,95,0.30762,1.10472,0.91141,0.45645,1.77314,0.81845,95
924.246528728,1784742672.2302845,0,0.99995,96,0.29454,1.04414,0.90026,0.42775,1.65098,0.84168,96
933.7266691,1784742681.7267914,0,0.99991,97,0.31209,1.05599,0.88724,0.45983,1.40448,0.82189,97
943.209827076,1784742691.206678,0,0.9999,98,0.29279,1.05514,0.87577,0.42826,1.8873,0.80495,98
952.71439781,1784742700.689867,0,0.99993,99,0.28713,1.049,0.90533,0.41654,1.53915,0.8261,99
962.183286395,1784742710.1945894,0,0.99999,100,0.29467,1.07134,0.89573,0.43431,1.48913,0.80543,100
971.664485961,1784742719.6635535,0,0.99993,101,0.31302,1.02614,0.86689,0.45063,1.44614,0.79325,101
981.157085381,1784742729.14471,0,1.00009,102,0.27683,1.06714,0.90918,0.41231,1.68249,0.79791,102
990.607894225,1784742738.6373446,0,1.00003,103,0.29931,1.03978,0.88108,0.43374,1.53907,0.78545,103
1000.077571259,1784742748.0882325,0,0.99988,104,0.31159,1.0511,0.86451,0.45239,1.55627,0.78251,104
1009.58051373,1784742757.5578215,0,0.99991,105,0.28323,1.13984,0.87257,0.43052,1.51574,0.79364,105
1019.101653131,1784742767.0607448,0,1.00008,106,0.30304,1.02964,0.87163,0.43657,1.69924,0.75385,106
1028.584551136,1784742776.581932,0,0.99995,107,0.29322,1.07558,0.86716,0.4265,1.66455,0.75623,107
1038.058979524,1784742786.0647721,0,1.00002,108,0.3432,1.04267,0.85498,0.47799,1.64065,0.7482,108
1047.552296486,1784742795.5391927,0,1.00003,109,0.27963,1.06679,0.85317,0.41654,1.63125,0.72917,109
1057.030927175,1784742805.032392,0,1.00003,110,0.27886,1.06968,0.85956,0.40809,1.82378,0.73496,110
1066.493427845,1784742814.5111382,0,1.00007,111,0.30658,1.05662,0.85715,0.43538,1.9348,0.72966,111
1075.967602013,1784742823.9737103,0,1.00001,112,0.27639,1.07237,0.84045,0.40332,1.74048,0.71515,112
1085.471089325,1784742833.447591,0,0.99995,113,0.26378,1.05633,0.86246,0.38966,2.10186,0.74426,113
1094.949890679,1784742842.9513137,0,0.99997,114,0.28442,1.02913,0.83418,0.41189,1.85474,0.7458,114
1104.421127849,1784742852.4300628,0,1.00003,115,0.29191,1.06977,0.84659,0.42361,1.55698,0.71221,115
1113.904741371,1784742861.901363,0,1.0,116,0.29088,1.03937,0.84971,0.41644,1.80101,0.71552,116
1123.359965048,1784742871.3850114,0,0.99992,117,0.29607,1.05169,0.83362,0.43265,1.52182,0.70029,117
1132.823762218,1784742880.840288,0,0.99993,118,0.28556,1.03624,0.82065,0.4118,1.65827,0.70758,118
1142.257323428,1784742890.3040543,0,0.99998,119,0.29887,1.035,0.81139,0.4336,1.68763,0.69262,119
1151.702932264,1784742899.7375662,0,1.00005,120,0.27861,1.08941,0.8373,0.40279,1.97972,0.68942,120
1161.173739247,1784742909.183165,0,0.99997,121,0.25689,1.10205,0.84927,0.3828,1.85761,0.69569,121
1170.631358314,1784742918.6539075,0,0.99998,122,0.30974,1.06167,0.86292,0.44579,1.61707,0.71968,122
1180.115558733,1784742928.111678,0,1.00004,123,0.27763,1.05805,0.83442,0.39753,1.9051,0.70096,123
1189.625062871,1784742937.595846,0,0.99994,124,0.27767,1.05886,0.83532,0.40609,1.86165,0.68782,124
1199.100122919,1784742947.1052568,0,1.00002,125,0.28141,1.08693,0.82287,0.41314,1.78602,0.68819,125
1208.593050556,1784742956.5803695,0,0.99994,126,0.32442,1.0414,0.815,0.47132,1.62254,0.67085,126
1218.075773122,1784742966.0731099,0,0.99998,127,0.29362,1.05688,0.80558,0.42736,1.77983,0.67023,127
1227.549404215,1784742975.5557833,0,0.99998,128,0.30076,1.0589,0.7991,0.43301,1.87168,0.63561,128
1237.078624369,1784742985.0295932,0,1.00003,129,0.29679,1.08136,0.80673,0.44026,1.80783,0.64723,129
1246.581915745,1784742994.5589058,0,1.0,130,0.28092,1.06758,0.80661,0.4072,1.80334,0.65753,130
1256.06507486,1784743004.0621388,0,1.00002,131,0.28241,1.0879,0.83742,0.41408,1.79449,0.64618,131
1265.569543261,1784743013.5452962,0,1.00005,132,0.27843,1.03081,0.81873,0.40137,1.84588,0.63528,132
1275.043541477,1784743023.0497267,0,1.00005,133,0.29744,1.05294,0.81991,0.43263,1.86418,0.64332,133
1284.508732806,1784743032.523764,0,1.00004,134,0.30952,1.02487,0.78832,0.44545,1.73596,0.61681,134
1293.970498187,1784743041.988966,0,0.99998,135,0.29056,1.07191,0.77959,0.41684,2.03008,0.60622,135
1303.444075398,1784743051.4507093,0,0.99998,136,0.29388,1.05856,0.79803,0.42196,1.90881,0.62504,136
1312.905100682,1784743060.9242616,0,0.99997,137,0.28536,1.0337,0.7993,0.40789,1.92039,0.63719,137
1322.355022835,1784743070.3853056,0,1.00004,138,0.28881,1.01867,0.79013,0.41983,1.96993,0.62142,138
1331.827234026,1784743079.8352153,0,1.00002,139,0.28898,1.02359,0.77188,0.41075,1.86072,0.62013,139
1341.303977274,1784743089.3074038,0,1.00003,140,0.29225,1.05605,0.79237,0.41876,1.81177,0.59695,140
1350.760759911,1784743098.7841272,0,0.99997,141,0.28193,1.07246,0.78318,0.41108,1.88174,0.61449,141
1360.231667743,1784743108.241001,0,0.99995,142,0.29564,1.0514,0.76532,0.42048,1.81261,0.59428,142
1369.744765861,1784743117.7117147,0,0.99994,143,0.28299,1.03864,0.78622,0.39788,2.2672,0.60196,143
1379.220548016,1784743127.2248669,0,0.99997,144,0.27861,1.04674,0.79315,0.39491,2.02846,0.61286,144
1388.698829806,1784743136.700641,0,1.00003,145,0.28735,1.05168,0.77926,0.41416,1.80883,0.596,145
1398.146598194,1784743146.179068,0,0.99995,146,0.28827,1.06952,0.76913,0.41544,1.89233,0.58356,146
1407.588151458,1784743155.6268046,0,0.99999,147,0.28158,1.0506,0.75496,0.40773,2.02433,0.57373,147
1417.056246235,1784743165.0683239,0,0.99999,148,0.27937,1.0584,0.75581,0.39943,1.93344,0.55697,148
1426.566462508,1784743174.5364888,0,0.99998,149,0.28845,1.0454,0.76315,0.41406,1.94221,0.58963,149
1436.076314515,1784743184.0466497,0,0.99996,150,0.28064,1.08673,0.75652,0.40776,1.96958,0.58555,150
1445.569022451,1784743193.5565186,0,0.99995,151,0.29844,1.05689,0.776,0.42469,1.93407,0.599,151
1455.070711124,1784743203.0492525,0,0.99998,152,0.30378,1.03707,0.74853,0.43265,2.04492,0.58466,152
1464.548027075,1784743212.5509033,0,1.00001,153,0.2835,1.0322,0.75999,0.40533,1.84233,0.55955,153
1474.013043837,1784743222.028244,0,1.0,154,0.2785,1.04256,0.73917,0.40296,2.22765,0.56864,154
1483.52556995,1784743231.4931796,0,1.00001,155,0.2867,1.07464,0.75582,0.40617,1.88665,0.55305,155
1492.988162172,1784743241.0056088,0,1.00003,156,0.27876,1.06779,0.75299,0.39435,2.15371,0.55603,156
1502.462297721,1784743250.4683409,0,0.99998,157,0.29401,1.05404,0.76258,0.4152,2.0403,0.5665,157
1511.947120598,1784743259.9423866,0,0.99996,158,0.29645,1.04485,0.75423,0.41837,1.97376,0.55877,158
1521.435822537,1784743269.427274,0,0.99998,159,0.28605,1.07174,0.72094,0.40863,1.98263,0.54009,159
1530.958283144,1784743278.9160197,0,1.0,160,0.28306,1.05751,0.7359,0.40233,2.10829,0.55394,160
1540.421554337,1784743288.4385474,0,0.99999,161,0.28739,1.04138,0.75161,0.40991,2.01368,0.56484,161
1549.889187878,1784743297.9017599,0,1.0,162,0.29563,1.02271,0.73334,0.42324,2.05892,0.55967,162
1559.384207975,1784743307.3694665,0,1.0,163,0.29809,1.03182,0.75095,0.42274,1.9082,0.56708,163
1568.866105454,1784743316.8644283,0,1.00001,164,0.28824,1.03398,0.736,0.40709,1.92575,0.5626,164
1578.362909199,1784743326.346339,0,1.00001,165,0.2831,1.05731,0.7471,0.40764,2.00213,0.55037,165
1587.844245615,1784743335.843065,0,1.00002,166,0.29433,1.06074,0.74711,0.41872,2.03405,0.53497,166
1597.356775201,1784743345.3244486,0,1.00002,167,0.29479,1.04036,0.72545,0.41985,2.03761,0.55197,167
1606.817256796,1784743354.8369608,0,0.99999,168,0.29189,1.04428,0.73808,0.41401,2.03355,0.55283,168
1616.282631373,1784743364.2975001,0,1.0,169,0.29429,1.02555,0.74739,0.42041,1.90185,0.5505,169
1625.758531691,1784743373.7628613,0,1.0,170,0.29064,1.03106,0.75047,0.41752,1.93809,0.5334,170
1635.223624279,1784743383.2386527,0,1.00003,171,0.28807,1.02719,0.72988,0.41008,1.95875,0.5283,171
1644.672232682,1784743392.7037346,0,1.00003,172,0.29412,1.0492,0.73502,0.42243,2.09598,0.53835,172
1654.126494977,1784743402.152396,0,1.0,173,0.29144,1.04587,0.71805,0.42111,2.05573,0.54021,173
1663.58096601,1784743411.6065314,0,0.99999,174,0.28862,1.04224,0.72623,0.41498,2.012,0.5327,174
1673.071952435,1784743421.0611942,0,1.00001,175,0.28121,1.0503,0.73495,0.39658,2.00767,0.54245,175
1682.605177883,1784743430.552064,0,1.0,176,0.28696,1.04882,0.73504,0.40425,2.01702,0.54242,176
1692.068659515,1784743440.0854807,0,0.99999,177,0.28938,1.04728,0.72823,0.41028,1.97828,0.5147,177
1701.532066694,1784743449.5489013,0,0.99998,178,0.28409,1.05592,0.71602,0.4015,2.05657,0.51269,178
1711.02256185,1784743459.0122743,0,0.99998,179,0.29557,1.04734,0.74076,0.41889,2.06252,0.54302,179
1720.496848595,1784743468.5028439,0,0.99999,180,0.29379,1.0592,0.73933,0.40846,1.91966,0.54686,180
1729.957752107,1784743477.9770277,0,0.99999,181,0.29019,1.04135,0.73741,0.40732,2.02435,0.52692,181
1739.432766764,1784743487.43795,0,1.0,182,0.28977,1.0456,0.70578,0.40544,2.0642,0.50554,182
1748.895009162,1784743496.9129634,0,1.0,183,0.2907,1.02962,0.72174,0.41272,2.04531,0.54005,183
1758.374800813,1784743506.3751876,0,1.0,184,0.28839,1.03609,0.72598,0.40836,2.07874,0.53056,184
1767.823456654,1784743515.8550215,0,0.99999,185,0.28639,1.05236,0.71328,0.40536,2.02333,0.52256,185
1777.27582753,1784743525.3036807,0,1.00001,186,0.28825,1.04275,0.73538,0.4093,2.03381,0.54104,186
1786.742668587,1784743534.756127,0,1.0,187,0.28773,1.04892,0.71776,0.40822,2.04425,0.51566,187
1796.235852808,1784743544.2228222,0,1.0,188,0.29126,1.04021,0.71509,0.41471,1.98234,0.5088,188
1805.691055985,1784743553.7159238,0,0.99999,189,0.28887,1.04278,0.72205,0.40979,2.01294,0.52517,189
1816.849592664,1784743563.1712267,0,0.99999,190,0.28735,1.04631,0.7087,0.40749,2.04323,0.51937,190
1826.322604251,1784743574.3298278,0,1.00009,191,0.27843,1.04303,0.73016,0.39887,2.05444,0.57713,191
1835.79293103,1784743583.802713,0,1.0,192,0.28133,1.03232,0.69279,0.40726,1.98268,0.53569,192
1845.242984337,1784743593.273031,0,0.99997,193,0.28376,1.04029,0.68307,0.41202,1.96762,0.48439,193
1854.715497695,1784743602.7230842,0,0.99997,194,0.28847,1.04643,0.67372,0.42004,1.97329,0.49013,194
1864.151615578,1784743612.1956916,0,0.99997,195,0.29329,1.03895,0.64523,0.4264,1.96916,0.46642,195
1873.603330104,1784743621.6319275,0,0.99998,196,0.29575,1.03472,0.66719,0.43012,1.97329,0.47538,196
1883.022131818,1784743631.083646,0,0.99998,197,0.29464,1.04253,0.65518,0.425,1.96309,0.47745,197
1892.467456052,1784743640.502386,0,0.99998,198,0.28971,1.04732,0.64497,0.41965,1.97953,0.45345,198
1901.888021485,1784743649.9476957,0,1.0,199,0.2925,1.04076,0.64992,0.42038,2.02848,0.46314,199
1906.901340586,1784743663.2397354,0,1.00001,200,0.38108296857930213,1.03535,0.63873,0.5519348264757326,2.00483,0.46114,200
