val/box_loss,val/cls_loss,train/moe_loss,_timestamp,val/moe_loss,train/box_loss,_runtime,_step,epoch,mAP50,train/cls_loss,mAP50-95
3.82498,6.29907,3.22962,1784738836.2504325,0,3.64264,42.71908549,1,1,0.0,6.2715,0.0
3.95951,6.04349,2.05365,1784738855.1162188,0,3.07839,57.907481888,2,2,0.0,4.90186,0.0
3.72098,5.30771,1.62175,1784738870.3044844,0,2.67031,73.505844238,3,3,0.0,3.73759,0.0
2.93741,4.65205,1.40092,1784738885.9030092,0,2.41012,88.269924585,4,4,0.01163,2.98097,0.00447
2.74201,3.83523,1.26629,1784738900.6670303,0,2.10946,106.321733278,5,5,0.0587,2.3956,0.02119
1.90963,3.74422,1.18577,1784738918.7188647,0,1.83098,124.73598066,6,6,0.08958,2.06996,0.04111
1.70339,2.33205,1.12746,1784738937.1329885,0,1.69298,142.958855583,7,7,0.32936,1.85591,0.18186
1.78812,2.85489,1.09043,1784738955.3559945,0,1.6235,161.016222106,8,8,0.14206,1.77027,0.06802
1.44226,1.79134,1.06395,1784738973.4133441,0,1.54544,179.850753747,9,9,0.39909,1.71162,0.23535
1.38874,1.67767,1.04272,1784738992.2471719,0,1.54325,198.708162622,10,10,0.4257,1.63579,0.26404
1.31028,1.5757,1.02879,1784739011.1052666,0,1.45378,211.751114552,11,11,0.45083,1.5519,0.29241
1.55899,2.85054,1.01852,1784739024.1483102,0,1.49629,222.426498834,12,12,0.3138,1.55176,0.18928
1.39804,1.49893,1.00935,1784739034.8241236,0,1.40581,232.972866055,13,13,0.46453,1.50279,0.27242
1.34866,1.60266,1.00469,1784739045.3704743,0,1.35833,248.855468886,14,14,0.43346,1.47783,0.26982
1.27652,1.46692,1.00143,1784739061.2516496,0,1.3648,267.456631757,15,15,0.4618,1.44609,0.2961
1.31788,1.64662,0.99693,1784739079.8533514,0,1.30665,285.951250507,16,16,0.47989,1.39509,0.30539
1.36289,1.53439,0.99595,1784739098.3484762,0,1.31084,301.284133467,17,17,0.44091,1.41943,0.28534
1.25712,1.4162,0.99428,1784739113.681785,0,1.30431,311.857279996,18,18,0.45595,1.39665,0.28253
1.27842,1.53427,0.99154,1784739124.2549353,0,1.30276,322.597730571,19,19,0.44631,1.37422,0.28211
1.22344,1.41802,0.98992,1784739134.9953468,0,1.26601,334.959337933,20,20,0.47435,1.36335,0.31061
1.22596,1.48559,0.98888,1784739147.3564074,0,1.29873,353.025035786,21,21,0.45995,1.34288,0.30529
1.24934,1.45195,0.98861,1784739165.4222085,0,1.26497,370.855540532,22,22,0.46917,1.32955,0.29639
1.25259,1.65009,0.98966,1784739183.2526367,0,1.27844,388.794883922,23,23,0.43127,1.31029,0.28925
1.19406,1.39633,0.98907,1784739201.19233,0,1.22881,399.41690835,24,24,0.49645,1.29698,0.34003
1.25817,1.31861,0.98882,1784739211.8142328,0,1.25243,410.153929841,25,25,0.48902,1.30275,0.31004
1.15123,1.43033,0.98753,1784739222.5514898,0,1.23549,420.76861296,26,26,0.50958,1.28841,0.35064
1.17207,1.33205,0.98876,1784739233.166288,0,1.2287,438.140179534,27,27,0.47121,1.28398,0.32097
1.16383,1.40489,0.98886,1784739250.5368383,0,1.21693,456.733953023,28,28,0.45936,1.29065,0.30613
1.48635,2.38454,0.98955,1784739269.1308262,0,1.20564,474.963295926,29,29,0.43481,1.29467,0.25183
1.18282,1.29002,0.98788,1784739287.3602543,0,1.20393,487.534484219,30,30,0.51174,1.2813,0.33354
1.20955,1.40097,0.98718,1784739299.9320993,0,1.192,498.039530505,31,31,0.50255,1.29015,0.33167
1.13255,1.33748,0.98814,1784739310.437167,0,1.19451,508.528681464,32,32,0.49875,1.28752,0.33483
1.11357,1.27662,0.99011,1784739320.926159,0,1.18129,523.438204022,33,33,0.48296,1.2565,0.32715
1.15628,1.3856,0.98781,1784739335.8352468,0,1.14293,541.777826203,34,34,0.49675,1.2167,0.33065
1.16964,1.28569,0.98949,1784739354.1749792,0,1.16256,559.928531882,35,35,0.49495,1.24373,0.3234
1.08419,1.31952,0.9881,1784739372.3255904,0,1.13854,575.74330562,36,36,0.46193,1.21445,0.31484
1.15639,1.24435,0.98871,1784739388.1407957,0,1.1531,586.172122996,37,37,0.4937,1.20896,0.32515
1.13845,1.28031,0.98958,1784739398.5697956,0,1.13125,596.587552496,38,38,0.51421,1.20287,0.34854
1.20484,1.94262,0.98936,1784739408.9851367,0,1.1554,608.485895693,39,39,0.4785,1.2232,0.33755
1.11099,1.25671,0.98756,1784739420.8825364,0,1.1792,626.808406709,40,40,0.53051,1.23149,0.3639
1.13647,1.31461,0.98934,1784739439.20535,0,1.13143,644.459226838,41,41,0.52816,1.20968,0.35426
1.13029,1.40866,0.98854,1784739456.856382,0,1.11436,662.641235222,42,42,0.50025,1.20125,0.33297
1.11082,1.20862,0.98875,1784739475.0388925,0,1.12818,673.06686166,43,43,0.51475,1.18417,0.34493
1.14023,1.2373,0.99092,1784739485.4644508,0,1.0997,683.494284246,44,44,0.49205,1.19646,0.33308
1.11741,1.35158,0.98921,1784739495.8919244,0,1.10859,693.943661431,45,45,0.49123,1.18519,0.34566
1.19543,1.38178,0.98897,1784739506.3412926,0,1.11514,710.539186084,46,46,0.47367,1.18385,0.30803
1.09252,1.25964,0.98807,1784739522.9363346,0,1.08025,728.402159479,47,47,0.49203,1.17153,0.34207
1.15916,1.24795,0.99246,1784739540.7994485,0,1.08661,746.260726134,48,48,0.51983,1.14956,0.33687
1.15836,1.29493,0.98955,1784739558.657709,0,1.10779,759.676133931,49,49,0.4962,1.14791,0.33042
1.1024,1.20865,0.98782,1784739572.07373,0,1.11952,770.152373073,50,50,0.50437,1.19293,0.34476
1.12098,1.29482,0.98867,1784739582.550018,0,1.1283,780.630940009,51,51,0.45678,1.1749,0.29653
1.14816,1.33413,0.99181,1784739593.0284843,0,1.10545,795.019474465,52,52,0.51743,1.18962,0.34968
1.09166,1.20657,0.99036,1784739607.4160202,0,1.06904,813.244216879,53,53,0.52904,1.17507,0.36083
1.16645,1.24235,0.99059,1784739625.6409304,0,1.10285,831.013275216,54,54,0.47508,1.15733,0.31774
1.09918,1.24589,0.99018,1784739643.4103072,0,1.0746,845.776164968,55,55,0.48557,1.16037,0.32351
1.09552,1.36764,0.99056,1784739658.1738682,0,1.06353,856.105997113,56,56,0.49309,1.13858,0.33428
1.15418,1.52974,0.98901,1784739668.5036933,0,1.08409,866.483834954,57,57,0.45826,1.15999,0.31288
1.07987,1.27953,0.99038,1784739678.8815293,0,1.08339,877.338265103,58,58,0.48217,1.14403,0.33193
1.10218,1.25866,0.99276,1784739689.7354336,0,1.1095,895.415679786,59,59,0.50341,1.14266,0.34667
1.03899,1.20185,0.99228,1784739707.812369,0,1.0749,913.91776049,60,60,0.52156,1.13886,0.35442
1.04661,1.2231,0.99154,1784739726.3142874,0,1.06431,932.378245591,61,61,0.46998,1.1213,0.32464
1.15447,1.25049,0.99259,1784739744.7756553,0,1.0753,942.715845318,62,62,0.49121,1.12516,0.32492
1.05942,1.24703,0.99088,1784739755.1135294,0,1.04245,953.030417087,63,63,0.4431,1.12937,0.29602
1.08865,1.27462,0.99299,1784739765.4280696,0,1.05251,963.367998693,64,64,0.45664,1.1298,0.30886
1.18112,1.43347,0.9924,1784739775.7655716,0,1.05662,981.055619785,65,65,0.47256,1.12816,0.29667
1.03802,1.18021,0.99218,1784739793.4526267,0,1.05944,999.445107922,66,66,0.4644,1.12503,0.32057
1.06557,1.29874,0.9924,1784739811.8420682,0,1.06307,1017.550754257,67,67,0.46575,1.13238,0.31722
1.08396,1.34262,0.99259,1784739829.9478664,0,1.04523,1035.027684855,68,68,0.46538,1.11658,0.3155
1.01326,1.24568,0.99309,1784739847.4244854,0,1.0773,1053.152452114,69,69,0.46077,1.11762,0.32618
1.05283,1.20988,0.99241,1784739865.5494618,0,1.03275,1071.449936432,70,70,0.44521,1.09575,0.30772
1.07863,1.24464,0.9925,1784739883.847134,0,1.00548,1084.119083336,71,71,0.44595,1.07421,0.30202
1.06924,1.19697,0.99332,1784739896.5166337,0,1.04142,1094.371775119,72,72,0.46127,1.09728,0.31568
1.01654,1.22526,0.99295,1784739906.7693248,0,1.03439,1104.670698613,73,73,0.45639,1.10436,0.32467
1.06153,1.54643,0.99305,1784739917.0682766,0,1.0518,1119.210528997,74,74,0.44122,1.10209,0.30111
1.09014,1.31065,0.99353,1784739931.6076949,0,1.05893,1137.525345727,75,75,0.44139,1.10766,0.29456
1.04065,1.18055,0.99322,1784739949.922354,0,1.04332,1155.519297464,76,76,0.46453,1.08112,0.32399
1.02609,1.28222,0.9935,1784739967.9162807,0,1.02314,1169.881881965,77,77,0.48961,1.06442,0.34419
1.00485,1.16501,0.994,1784739982.2796025,0,1.03622,1180.166240078,78,78,0.46213,1.07094,0.31986
1.01376,1.29883,0.99436,1784739992.5639148,0,1.01339,1190.423982471,79,79,0.44323,1.06871,0.30991
1.07889,1.65013,0.99315,1784740002.8216295,0,1.01863,1203.201309786,80,80,0.45028,1.06796,0.30617
1.02552,1.21565,0.99411,1784740015.5985255,0,1.02535,1221.503656558,81,81,0.44293,1.07707,0.30769
1.00581,1.20707,0.9933,1784740033.9008157,0,1.01846,1239.570104,82,82,0.45398,1.05953,0.32048
1.03406,1.26117,0.99343,1784740051.9672434,0,1.0166,1255.339418918,83,83,0.42894,1.08127,0.29604
1.0226,1.35673,0.99372,1784740067.7369146,0,1.02031,1265.642222585,84,84,0.40956,1.05825,0.28796
1.07815,1.33018,0.99325,1784740078.039908,0,1.02374,1275.879683128,85,85,0.44214,1.05379,0.30154
1.03068,1.23293,0.99464,1784740088.2774453,0,0.99234,1286.268548983,86,86,0.46556,1.05995,0.32778
1.04653,1.29762,0.99346,1784740098.6654463,0,1.00522,1304.403007548,87,87,0.43933,1.03042,0.29712
1.06587,1.39128,0.9951,1784740116.8002214,0,1.00796,1322.904518501,88,88,0.42854,1.05265,0.30038
1.03311,1.23107,0.99527,1784740135.301604,0,0.97392,1341.150161029,89,89,0.46974,1.02747,0.32416
1.02303,1.3248,0.9957,1784740153.5473144,0,1.01434,1351.375613988,90,90,0.48306,1.02008,0.34455
1.01728,1.38518,0.99666,1784740163.77329,0,0.99753,1361.277294615,91,91,0.46309,1.04011,0.32924
1.00387,1.30493,0.99992,1784740173.674948,0,1.00311,1371.166488715,92,92,0.46498,1.04294,0.32675
1.03777,1.21668,0.99596,1784740183.564183,0,0.99083,1385.612042123,93,93,0.50331,1.01994,0.34911
1.02473,1.18352,0.99653,1784740198.0087862,0,0.99133,1403.339549416,94,94,0.46179,1.00304,0.3251
1.02485,1.31537,0.99527,1784740215.7367804,0,0.97344,1421.195508934,95,95,0.4514,1.01318,0.31768
1.06598,1.60221,0.99646,1784740233.592629,0,0.99349,1436.065561927,96,96,0.42195,1.02306,0.28071
1.04949,1.2586,0.99577,1784740248.463015,0,0.98417,1445.941279683,97,97,0.44228,1.00509,0.29612
1.01623,1.64235,0.99554,1784740258.3387637,0,0.94792,1455.877830203,98,98,0.42038,0.99884,0.29568
1.04705,1.37297,0.99533,1784740268.2755213,0,0.96972,1465.735848881,99,99,0.44272,1.0024,0.3101
1.03822,1.47286,0.99587,1784740278.1335123,0,0.99446,1482.865731474,100,100,0.46904,0.99175,0.32888
1.02098,1.27828,0.99569,1784740295.2625062,0,0.96271,1500.973374101,101,101,0.44078,0.99067,0.30139
1.01,1.30923,0.99512,1784740313.3702703,0,0.97879,1518.677658686,102,102,0.42022,0.99749,0.29606
1.02786,1.33677,0.99613,1784740331.0743895,0,0.92881,1529.888224342,103,103,0.43293,0.98462,0.29597
1.0476,1.27341,0.99695,1784740342.2860165,0,0.94989,1539.755862343,104,104,0.42387,0.99045,0.28474
1.03247,1.33482,0.99763,1784740352.153547,0,0.97411,1549.650057118,105,105,0.43744,0.98548,0.30303
0.99833,1.42454,0.99498,1784740362.047722,0,0.97165,1563.975393775,106,106,0.43634,0.98045,0.30069
0.97654,1.27402,0.99671,1784740376.3725781,0,0.93804,1582.101521882,107,107,0.49664,0.98038,0.35279
1.02245,1.3482,0.9964,1784740394.4986405,0,0.95738,1600.03242722,108,108,0.47269,0.95985,0.33016
1.0371,1.47107,0.99668,1784740412.4295938,0,0.94755,1614.018162606,109,109,0.45867,0.95425,0.3185
1.01534,1.38321,0.99649,1784740426.4157665,0,0.95739,1623.883149041,110,110,0.48635,0.96276,0.33867
1.04889,1.36304,0.99716,1784740436.280769,0,0.95869,1633.690758956,111,111,0.44716,0.94372,0.3035
1.00388,1.38526,0.99568,1784740446.0885363,0,0.93744,1645.15324887,112,112,0.44137,0.9246,0.31758
1.01138,1.70331,0.99677,1784740457.5500247,0,0.94508,1662.974444939,113,113,0.41958,0.93617,0.29795
1.00282,1.57693,0.99849,1784740475.3716435,0,0.94012,1680.46564516,114,114,0.40762,0.96907,0.28295
1.06629,1.42686,0.99743,1784740492.862794,0,0.94059,1697.021020038,115,115,0.41605,0.93108,0.28691
0.97088,1.33769,0.99755,1784740509.4187753,0,0.95074,1706.939370674,116,116,0.41646,0.91424,0.29373
1.02901,1.30309,0.99801,1784740519.3370335,0,0.92416,1716.89049617,117,117,0.40693,0.92557,0.2855
1.0234,1.64228,0.99718,1784740529.2881477,0,0.92416,1726.757271789,118,118,0.41478,0.90834,0.29192
1.01866,1.52622,0.99819,1784740539.1549675,0,0.90198,1741.983116596,119,119,0.40112,0.92314,0.27809
0.99961,1.41313,0.99924,1784740554.3801286,0,0.94809,1759.633682066,120,120,0.43064,0.91319,0.30219
0.99594,1.35328,0.99794,1784740572.0309024,0,0.94299,1777.347987405,121,121,0.4177,0.93147,0.2859
1.02044,1.34178,0.99766,1784740589.7452087,0,0.96897,1789.766235038,122,122,0.42261,0.94705,0.29927
0.9816,1.24534,0.99734,1784740602.163908,0,0.94539,1799.567805393,123,123,0.4505,0.93932,0.32059
0.98949,1.47573,0.99694,1784740611.9655044,0,0.9395,1809.386016925,124,124,0.4004,0.91433,0.28228
1.01476,1.4845,0.99905,1784740621.783721,0,0.9315,1821.651544585,125,125,0.41816,0.91117,0.29604
1.01073,1.54858,0.99845,1784740634.0486252,0,0.92959,1838.986982773,126,126,0.4281,0.88613,0.30317
0.99764,1.42186,0.99959,1784740651.3842225,0,0.9203,1856.539787971,127,127,0.42172,0.90471,0.29473
1.00008,1.38069,0.99676,1784740668.9370475,0,0.89882,1871.80284154,128,128,0.43304,0.87161,0.30389
1.01108,1.56628,0.99733,1784740684.2004547,0,0.92012,1881.569776509,129,129,0.41777,0.89628,0.29742
1.02657,1.5005,0.99802,1784740693.967365,0,0.90484,1891.354430151,130,130,0.40078,0.9014,0.2829
1.06388,1.39251,0.9983,1784740703.7521923,0,0.94698,1901.143897576,131,131,0.43848,0.88947,0.30531
0.98352,1.50265,0.99972,1784740713.54137,0,0.93489,1916.891834457,132,132,0.42411,0.8983,0.30181
0.98779,1.31004,0.99799,1784740729.2889876,0,0.91906,1934.294779754,133,133,0.44567,0.87328,0.31665
0.98512,1.34308,0.99935,1784740746.691943,0,0.89488,1951.52590965,134,134,0.43791,0.86236,0.31388
1.03431,1.41382,0.99701,1784740763.9231832,0,0.89868,1963.149591836,135,135,0.43057,0.83382,0.29645
1.03601,1.45259,0.99725,1784740775.5472686,0,0.9125,1972.955346317,136,136,0.4397,0.84608,0.30043
1.00359,1.50806,0.99782,1784740785.3529804,0,0.89647,1982.74502456,137,137,0.41999,0.87596,0.29977
1.00028,1.49563,0.99874,1784740795.1426513,0,0.89317,1996.176337612,138,138,0.42027,0.84789,0.30311
1.01075,1.41221,0.99943,1784740808.573532,0,0.89321,2014.128100773,139,139,0.43682,0.86006,0.30826
0.98178,1.48011,0.99817,1784740826.5251276,0,0.90293,2032.189308751,140,140,0.45652,0.83924,0.32345
1.0184,1.36427,0.9986,1784740844.5864217,0,0.89393,2045.960403482,141,141,0.43728,0.8533,0.30621
1.00378,1.45088,0.99884,1784740858.3580184,0,0.89218,2055.821056042,142,142,0.42542,0.82157,0.30073
1.0065,1.70253,0.99936,1784740868.21874,0,0.89632,2065.684364381,143,143,0.4247,0.8511,0.30424
0.98993,1.53965,0.99962,1784740878.0820544,0,0.89742,2076.855401509,144,144,0.42583,0.85635,0.30118
0.98549,1.32621,1.00097,1784740889.2526994,0,0.90182,2094.755114577,145,145,0.44792,0.82259,0.32006
0.99987,1.41206,0.99892,1784740907.1522403,0,0.87884,2112.578809991,146,146,0.44326,0.82382,0.31549
1.00647,1.33557,1.00031,1784740924.975792,0,0.8654,2128.504596912,147,147,0.46555,0.78835,0.33201
1.02452,1.50644,0.99982,1784740940.9022574,0,0.86626,2138.281772657,148,148,0.41187,0.80135,0.28654
0.9921,1.5938,0.99786,1784740950.67953,0,0.86674,2148.01336566,149,149,0.39625,0.82334,0.28416
0.99827,1.62333,1.00326,1784740960.411017,0,0.87609,2157.78458586,150,150,0.44016,0.80037,0.32013
0.9916,1.51588,0.99733,1784740970.182307,0,0.89349,2173.69477552,151,151,0.42718,0.80897,0.30584
0.9917,1.46514,0.99975,1784740986.091976,0,0.85017,2191.342983744,152,152,0.44019,0.80805,0.31626
0.9911,1.41378,0.99875,1784741003.7402015,0,0.87271,2209.305572399,153,153,0.4382,0.78515,0.31395
0.97756,1.54223,0.99958,1784741021.7027366,0,0.84502,2220.829434026,154,154,0.45979,0.7889,0.33501
0.97221,1.47007,1.00032,1784741033.2271314,0,0.8708,2230.525403152,155,155,0.45469,0.79047,0.33253
0.98721,1.5221,0.99934,1784741042.9230464,0,0.87986,2240.291461925,156,156,0.42821,0.77695,0.30877
0.99301,1.48889,0.99931,1784741052.68915,0,0.87769,2253.556621425,157,157,0.4487,0.78331,0.32714
0.99917,1.56446,0.99877,1784741065.9533122,0,0.86916,2271.4115525,158,158,0.44253,0.76931,0.31463
0.98674,1.48932,0.99914,1784741083.8087883,0,0.84468,2288.968536425,159,159,0.43867,0.77974,0.31391
0.98655,1.54222,1.00238,1784741101.365663,0,0.84552,2303.712252135,160,160,0.43088,0.77798,0.30998
0.98272,1.49469,0.99638,1784741116.109839,0,0.85542,2313.41918743,161,161,0.43013,0.76993,0.31044
0.98668,1.4954,0.99966,1784741125.816886,0,0.85,2323.161144585,162,162,0.46014,0.74983,0.33195
0.96831,1.42558,0.99927,1784741135.5588148,0,0.87071,2332.889525857,163,163,0.43911,0.78035,0.31746
0.97297,1.44324,0.99813,1784741145.2871923,0,0.84571,2349.22556179,164,164,0.45646,0.76915,0.32774
0.98347,1.51604,1.00119,1784741161.6226292,0,0.87459,2366.89104423,165,165,0.42904,0.76544,0.30748
0.99151,1.49062,1.00066,1784741179.2879531,0,0.85318,2384.313900468,166,166,0.44288,0.74733,0.31761
0.99962,1.46587,1.00257,1784741196.710804,0,0.86473,2395.180526023,167,167,0.46257,0.76091,0.33586
0.98244,1.53476,0.99996,1784741207.5781925,0,0.86095,2404.896703963,168,168,0.46769,0.75012,0.34324
1.00102,1.45543,0.99917,1784741217.294398,0,0.86318,2414.72767976,169,169,0.44512,0.77273,0.32063
0.9756,1.47973,0.99905,1784741227.1253312,0,0.87501,2428.144342237,170,170,0.44747,0.76211,0.32454
0.98005,1.4857,0.9967,1784741240.5415258,0,0.85887,2445.809523976,171,171,0.44077,0.74333,0.32113
0.96942,1.45684,0.99984,1784741258.2066236,0,0.87791,2463.661404718,172,172,0.45706,0.74245,0.3348
0.98971,1.50454,1.00433,1784741276.058564,0,0.84855,2477.596349542,173,173,0.45188,0.74566,0.33131
0.97876,1.5484,1.00171,1784741289.9940262,0,0.83693,2487.302565469,174,174,0.44583,0.73827,0.32538
0.97378,1.49671,1.00001,1784741299.7002306,0,0.86017,2496.979107094,175,175,0.45122,0.76248,0.3314
0.98291,1.57884,0.99997,1784741309.3768208,0,0.86457,2506.713930403,176,176,0.45272,0.74048,0.32672
0.96163,1.48749,0.9976,1784741319.1113622,0,0.85506,2524.524713616,177,177,0.45527,0.74683,0.3313
0.97351,1.56371,0.99818,1784741336.9218988,0,0.83481,2542.246284746,178,178,0.45572,0.73231,0.32885
0.9852,1.47162,1.00033,1784741354.64341,0,0.85246,2559.904153105,179,179,0.45857,0.74534,0.32836
0.98705,1.44323,1.00085,1784741372.301771,0,0.87271,2569.635793598,180,180,0.45215,0.75575,0.32855
0.97698,1.51426,0.9996,1784741382.0335152,0,0.85282,2579.317933204,181,181,0.45768,0.73862,0.33183
0.97121,1.51356,0.99861,1784741391.715652,0,0.81848,2589.025578165,182,182,0.46246,0.70876,0.33171
0.98077,1.49803,1.00213,1784741401.4231443,0,0.83684,2603.684673717,183,183,0.45926,0.70755,0.33322
0.98337,1.52981,1.00035,1784741416.0818102,0,0.84249,2620.969056211,184,184,0.4583,0.7477,0.33056
0.98642,1.49411,0.99812,1784741433.3658876,0,0.83782,2638.073380375,185,185,0.45911,0.6992,0.33087
0.98158,1.50189,1.00024,1784741450.4702222,0,0.84761,2650.235829007,186,186,0.45744,0.74685,0.33043
0.97784,1.56464,0.99974,1784741462.6335382,0,0.83764,2659.919562271,187,187,0.45673,0.72832,0.33022
0.97751,1.52788,1.00221,1784741472.3171787,0,0.84724,2669.650112092,188,188,0.44802,0.7074,0.32347
0.98322,1.52143,0.99774,1784741482.047748,0,0.84573,2682.076542176,189,189,0.44583,0.74064,0.32142
0.9794,1.54979,1.00138,1784741494.473533,0,0.83558,2699.525302179,190,190,0.45823,0.709,0.33138
0.97987,1.53826,1.00026,1784741511.922668,0,0.84354,2714.140975761,191,191,0.45912,0.76868,0.32969
0.98743,1.52822,0.99956,1784741526.5382059,0,0.78647,2728.514096962,192,192,0.45509,0.73828,0.32419
0.98656,1.55172,0.99822,1784741540.9115062,0,0.78102,2742.544133073,193,193,0.45017,0.69928,0.32459
0.98648,1.4966,0.99967,1784741554.9416664,0,0.77375,2752.233694863,194,194,0.4576,0.69885,0.32939
0.98723,1.45619,1.00273,1784741564.6313922,0,0.75358,2761.87108148,195,195,0.46187,0.67792,0.33197
0.98106,1.4478,0.999,1784741574.2688837,0,0.77531,2771.55348267,196,196,0.46283,0.68192,0.33314
0.98242,1.4719,1.00281,1784741583.951172,0,0.76914,2784.585044796,197,197,0.45857,0.66138,0.33058
0.98655,1.48476,1.00227,1784741596.9822476,0,0.75848,2798.936222374,198,198,0.46082,0.65643,0.33285
0.98236,1.50764,0.99765,1784741611.3335366,0,0.75811,2813.301785718,199,199,0.46614,0.66094,0.33696
0.98047,1.49745,0.99929,1784741625.6991916,0,0.77272,2816.663704696,200,200,0.45967,0.66919,0.33155
